{
"providers": [
    {
        "id":"1",
        "name":"Classic Reads Library",
        "location":"789 Oakwood Avenue, Literatureville",
        "contact":"+123-456-7890",
        "website":"https://www.classicreadslibrary.com"
    },
    {
        "id":"2",
        "name":"Sci-Tech Knowledge Center",
        "location":"123 Innovation Way, Technoville",
        "contact":"+987-654-3210",
        "website":"https://www.scitechlibrary.org"
    },
    {
        "id":"3",
        "name":"Children's Wonderland Library",
        "location":"456 Playful Street, Kidstown",
        "contact":"+345-678-9012",
        "website":"https://www.childrenswonderlandlibrary.net"
    },
    {
        "id":"4",
        "name":"Artistic Expressions Gallery",
        "location":"789 Palette Lane, Creativityville",
        "contact":"+111-222-3333",
        "website":"https://www.artisticlibrary.gallery"
    },
    {
        "id":"5",
        "name":"Nature's Wisdom Archive",
        "location":"234 Serenity Avenue, Greenwoods",
        "contact":"+444-555-6666",
        "website":"https://www.natureswisdomarchive.org"
    },
    {
        "id":"6",
        "name":"Wilsons Books",
        "location":"Savska 73",
        "contact":"+123-567-8912",
        "website":"https://www.wilsonsbooks.com"
    }
]
}